avg_sentence_length,avg_word_length,lexical_diversity,sentence_count,word_count,unique_word_ratio,articles_freq,a_freq,an_freq,the_freq,prepositions_freq,in_freq,on_freq,at_freq,of_freq,to_freq,with_freq,by_freq,for_freq,from_freq,about_freq,conjunctions_freq,and_freq,but_freq,or_freq,so_freq,yet_freq,nor_freq,because_freq,although_freq,since_freq,unless_freq,pronouns_freq,i_freq,you_freq,he_freq,she_freq,it_freq,we_freq,they_freq,me_freq,him_freq,her_freq,us_freq,them_freq,auxiliary_verbs_freq,am_freq,is_freq,are_freq,was_freq,were_freq,be_freq,being_freq,been_freq,have_freq,has_freq,had_freq,do_freq,does_freq,did_freq,will_freq,would_freq,shall_freq,should_freq,may_freq,might_freq,can_freq,could_freq,avg_words_per_sentence,avg_sentence_length_chars,flesch_kincaid_grade,automated_readability_index,comma_freq,period_freq,question_mark_freq,exclamation_freq,semicolon_freq,colon_freq,dash_freq,parenthesis_open_freq,parenthesis_close_freq,quote_freq,apostrophe_freq,paragraph_count,avg_paragraph_length,avg_paragraph_length_words,quote_frequency,avg_quote_length
538.0,6.04089219330855,0.7716763005780347,1,538,0.5892193308550185,0.07063197026022305,0.03345724907063197,0.0018587360594795538,0.03531598513011153,0.12639405204460966,0.013011152416356878,0.0037174721189591076,0.0055762081784386614,0.031598513011152414,0.03345724907063197,0.007434944237918215,0.007434944237918215,0.013011152416356878,0.0037174721189591076,0.007434944237918215,0.03345724907063197,0.026022304832713755,0.0018587360594795538,0.0018587360594795538,0.0018587360594795538,0.0018587360594795538,0.0,0.0,0.0,0.0,0.0,0.007434944237918215,0.0,0.0,0.0018587360594795538,0.0,0.0037174721189591076,0.0,0.0018587360594795538,0.0,0.0,0.0,0.0,0.0,0.03345724907063197,0.0,0.007434944237918215,0.0018587360594795538,0.0,0.0,0.0,0.0,0.0,0.0055762081784386614,0.0055762081784386614,0.0,0.0018587360594795538,0.0018587360594795538,0.0,0.0,0.0037174721189591076,0.0,0.0018587360594795538,0.0,0.0,0.0018587360594795538,0.0018587360594795538,538.0,3250.0,218.3563940520446,276.02260223048324,0.0,0.0,0.0,0.0,0.0,0.0,0.0,0.0,0.0,0.0,0.0,1,3787.0,538.0,0.0,0.0
